<?xml version="1.0" encoding="UTF-8" standalone="yes"?>
<student>
    <id>S1419020048</id>
    <name>Denisa</name>
    <surname>Tyvoľská</surname>
    <study>
        <id>S1419020048-5819T01</id>
        <field_code>4276</field_code>
        <field>ošetrovateľstvo</field>
        <course>
            <code>OVYCH</code>
            <name>Výchova k zdraviu</name>
            <type>P</type>
            <semester>ZS</semester>
            <ayear>2020/2021</ayear>
            <year_of_study>2</year_of_study>
            <exam>
                <result>Abs</result>
                <date>10.02.2021</date>
                <teacher>PhDr. Jana 09ed673, PhD.</teacher>
                <grade>0.0</grade>
                <credits_reg>1</credits_reg>
                <credits_obt>1</credits_obt>
            </exam>
        </course>
    </study>
</student>
